{
  "project_info": {
    "project_number": "182562928174",
    "firebase_url": "https://pruebachatza.firebaseio.com",
    "project_id": "pruebachatza",
    "storage_bucket": "pruebachatza.appspot.com"
  },
  "client": [
    {
      "client_info": {
        "mobilesdk_app_id": "1:182562928174:android:b1c5097046f95c1d2c11bf",
        "android_client_info": {
          "package_name": "com.example.prueba"
        }
      },
      "oauth_client": [
        {
          "client_id": "182562928174-t5li5i38a4dc5feb9c5fntpm0rh8ng00.apps.googleusercontent.com",
          "client_type": 3
        }
      ],
      "api_key": [
        {
          "current_key": "AIzaSyD19dSkQSO0FvRPKzaZQUXusmLQvQ-ZV7E"
        }
      ],
      "services": {
        "appinvite_service": {
          "other_platform_oauth_client": [
            {
              "client_id": "182562928174-t5li5i38a4dc5feb9c5fntpm0rh8ng00.apps.googleusercontent.com",
              "client_type": 3
            }
          ]
        }
      }
    }
  ],
  "configuration_version": "1"
}